id,name,file,kind,in_deg,out_deg
549,edgeColoringType,edge_coloring,Definition,143,0
486,Fan,fans,Inductive,58,2
547,properEdgeColoringType,edge_coloring,Definition,57,2
546,proper_to_edge_coloring,edge_coloring,Definition,55,3
496,fanp,fans,Definition,49,4
544,coloring_image,edge_coloring,Definition,45,1
620,altpath,alternate_path,Definition,43,2
522,absent_set,edge_coloring,Definition,43,3
560,edge_neigh,aux,Definition,32,0
482,fans_Fan__canonical__eqtype_SubType,fans,Definition,32,4
425,kempe_graph,kempe,Definition,22,4
548,is_proper_edge_coloring,edge_coloring,Definition,18,2
537,kEdgeColoringType,edge_coloring,Definition,16,3
497,absent_prop,fans,Definition,16,2
489,valid_fan_vertex,fans,Definition,16,3
602,apmax,alternate_path,Definition,14,5
609,valid_altpath_vertex,alternate_path,Definition,14,4
501,neigh_prop,fans,Definition,14,0
608,valid_altpath_edge,alternate_path,Theorem/Lemma,13,5
441,fanmax,fans,Definition,13,5
500,w0_prop,fans,Definition,13,2
574,restrict2_mem,aux,Definition,12,0
457,fancons,fans,Definition,12,7
588,invert,alternate_path,Definition,11,3
395,Path_edge,spath,Definition,11,1
607,altpath_rcons,alternate_path,Theorem/Lemma,10,6
536,k_to_proper_coloring,edge_coloring,Definition,10,4
455,rotateF,fans,Definition,10,5
424,mem_kempe,kempe,Theorem/Lemma,10,2
626,alternates,alternate_path,Definition,9,1
552,max_degree,aux,Definition,9,0
518,extendedColType,edge_coloring,Definition,9,1
533,k_edge_colorable,edge_coloring,Definition,9,1
484,fval,fans,Definition,9,2
606,is_apmax,alternate_path,Definition,8,5
513,recolor_edge,edge_coloring,Definition,8,1
415,invertedChain,kempe,Definition,8,2
420,kempe_chain,kempe,Definition,8,2
506,swap_edge,edge_coloring,Definition,7,1
532,is_chromatic_index,edge_coloring,Definition,6,1
481,HB_unnamed_factory_3,fans,Definition,6,4
477,HB_unnamed_mixin_7,fans,Definition,6,3
515,k_extended_col,edge_coloring,Definition,5,10
485,Build_Fan,fans,Constructor,5,2
619,altpathE,alternate_path,Theorem/Lemma,4,3
597,apmax_graph,alternate_path,Inductive,4,8
554,card_edge_neigh,aux,Theorem/Lemma,4,1
559,sub_all_edges,aux,Theorem/Lemma,4,1
534,card_k_col,edge_coloring,Theorem/Lemma,4,5
483,HB_unnamed_factory_1,fans,Definition,4,5
474,HB_unnamed_mixin_8,fans,Definition,4,3
437,fanmax_graph,fans,Inductive,4,7
445,is_fanmax,fans,Definition,4,5
404,chain_endpt,kempe,Definition,4,3
613,altpath_endpt,alternate_path,Definition,3,3
618,altpath_next_col,alternate_path,Definition,3,3
605,apmax_obligations_obligation_1,alternate_path,Theorem/Lemma,3,6
583,mem_inverted,alternate_path,Definition,3,5
625,next_col,alternate_path,Definition,3,1
584,not_mem_inverted,alternate_path,Definition,3,5
557,mem_edge_graph,aux,Theorem/Lemma,3,1
520,absent_edge,edge_coloring,Theorem/Lemma,3,4
542,in_c_all_edgeP,edge_coloring,Definition,3,5
460,fan_neigh,fans,Theorem/Lemma,3,6
444,fanmax_obligations_obligation_1,fans,Theorem/Lemma,3,8
453,imset_rot,fans,Theorem/Lemma,3,12
468,rotate,fans,Definition,3,2
428,kempe_rel,kempe,Definition,3,1
603,apmax_functional,alternate_path,Definition,2,8
594,apmax_graph_correct,alternate_path,Definition,2,12
601,apmax_unfold,alternate_path,Definition,2,8
582,invert_is_inverted,alternate_path,Theorem/Lemma,2,6
555,del_edges_edge_neigh,aux,Theorem/Lemma,2,1
550,del_edges_max_deg,aux,Theorem/Lemma,2,4
558,edge_neigh_self,aux,Theorem/Lemma,2,1
563,erestrict,aux,Definition,2,3
551,max_deg_edge,aux,Theorem/Lemma,2,3
570,restrict2_sym,aux,Theorem/Lemma,2,1
566,symmetric_restrict2_sedge,aux,Theorem/Lemma,2,2
531,chi_lower_bound,edge_coloring,Theorem/Lemma,2,8
530,chi_upper_bound,edge_coloring,Theorem/Lemma,2,2
529,chi_upper_bound_trans,edge_coloring,Theorem/Lemma,2,3
519,exists_absent_color,edge_coloring,Theorem/Lemma,2,11
514,extended_absent,edge_coloring,Theorem/Lemma,2,7
543,in_c_edge_neighP,edge_coloring,Definition,2,3
524,inj_chrom,edge_coloring,Theorem/Lemma,2,3
527,proper_inj_coloring,edge_coloring,Definition,2,5
535,proper_to_k_coloring,edge_coloring,Definition,2,4
471,HB_unnamed_mixin_9,fans,Definition,2,3
463,fanW,fans,Theorem/Lemma,2,7
462,fan_last,fans,Theorem/Lemma,2,5
442,fanmax_functional,fans,Definition,2,7
434,fanmax_graph_correct,fans,Definition,2,11
430,fanmax_is_max,fans,Theorem/Lemma,2,9
429,fanmax_present,fans,Theorem/Lemma,2,13
440,fanmax_unfold,fans,Definition,2,7
454,imset_rot_vertex,fans,Theorem/Lemma,2,13
458,in_neigh,fans,Theorem/Lemma,2,5
464,k_Fan_of_del_edges,fans,Definition,2,9
490,rev_neigh,fans,Theorem/Lemma,2,1
456,sub_fan,fans,Definition,2,6
498,w0_col_extended,fans,Theorem/Lemma,2,2
499,w0_prop_extended,fans,Theorem/Lemma,2,5
408,injective_in_kempe,kempe,Theorem/Lemma,2,8
390,cat_path_edge,spath,Theorem/Lemma,2,1
391,edgep_path_edge,spath,Theorem/Lemma,2,1
387,base_case,vizing,Theorem/Lemma,2,3
388,smaller_coloring,vizing,Theorem/Lemma,2,28
624,alternates_invert,alternate_path,Definition,1,2
623,alternates_rcons,alternate_path,Theorem/Lemma,1,3
616,altpath_edge,alternate_path,Theorem/Lemma,1,4
615,altpath_edgeL,alternate_path,Theorem/Lemma,1,4
612,altpath_endptP,alternate_path,Theorem/Lemma,1,4
611,altpath_two_endpts,alternate_path,Theorem/Lemma,1,3
593,apmax_elim,alternate_path,Definition,1,11
598,apmax_equation_1,alternate_path,Theorem/Lemma,1,10
596,apmax_graph_equation_1,alternate_path,Constructor,1,8
595,apmax_graph_rect,alternate_path,Definition,1,9
590,apmax_is_max,alternate_path,Theorem/Lemma,1,6
599,apmax_obligations_obligation_1_hint,alternate_path,Theorem/Lemma,1,8
589,apmax_pcat,alternate_path,Theorem/Lemma,1,5
600,apmax_unfold_eq,alternate_path,Theorem/Lemma,1,11
586,imset_invert,alternate_path,Theorem/Lemma,1,4
580,invert_absent_ca,alternate_path,Theorem/Lemma,1,6
581,invert_absent_not_mem,alternate_path,Theorem/Lemma,1,13
577,invert_fan,alternate_path,Definition,1,7
578,invert_fan_nodes,alternate_path,Theorem/Lemma,1,8
587,invert_proper,alternate_path,Theorem/Lemma,1,4
575,bigmax_eq_pointwise,aux,Theorem/Lemma,1,0
553,del_edges1_neq,aux,Theorem/Lemma,1,0
576,notin_setD,aux,Theorem/Lemma,1,0
571,restrict2_irrefl,aux,Theorem/Lemma,1,1
521,absent_in_imset,edge_coloring,Theorem/Lemma,1,4
516,card_extended_col,edge_coloring,Theorem/Lemma,1,6
510,del_edges_imset_recolor,edge_coloring,Theorem/Lemma,1,3
540,eq_deg_pcol,edge_coloring,Theorem/Lemma,1,6
526,imset_inj,edge_coloring,Theorem/Lemma,1,3
504,imset_swap,edge_coloring,Theorem/Lemma,1,3
503,imset_swap_vertex,edge_coloring,Theorem/Lemma,1,4
528,injEdgeColoringType,edge_coloring,Definition,1,1
525,inj_k_coloring,edge_coloring,Definition,1,6
541,leq_col_deg,edge_coloring,Theorem/Lemma,1,5
538,leq_maxdeg_pcol,edge_coloring,Theorem/Lemma,1,8
539,leq_vertex_graph,edge_coloring,Theorem/Lemma,1,4
517,proper_extended_col,edge_coloring,Theorem/Lemma,1,8
512,recolor_eq,edge_coloring,Theorem/Lemma,1,2
508,recolor_proper,edge_coloring,Theorem/Lemma,1,6
507,replace_col,edge_coloring,Theorem/Lemma,1,5
467,Fan_of_proof,fans,Theorem/Lemma,1,7
432,FunctionalElimination_fanmax,fans,Definition,1,8
449,card_rot,fans,Theorem/Lemma,1,5
461,fan_uniq,fans,Theorem/Lemma,1,5
459,fan_w0_prop,fans,Theorem/Lemma,1,6
433,fanmax_elim,fans,Definition,1,11
438,fanmax_equation_1,fans,Theorem/Lemma,1,9
436,fanmax_graph_equation_1,fans,Constructor,1,7
435,fanmax_graph_rect,fans,Definition,1,8
439,fanmax_unfold_eq,fans,Theorem/Lemma,1,11
495,fanpW,fans,Theorem/Lemma,1,5
488,fanp_cons,fans,Theorem/Lemma,1,6
494,fanp_last,fans,Theorem/Lemma,1,5
491,fanp_neigh,fans,Theorem/Lemma,1,5
493,fanp_uniq,fans,Theorem/Lemma,1,5
492,fanp_w0_prop,fans,Theorem/Lemma,1,5
452,imset_rot_del_edge,fans,Theorem/Lemma,1,4
465,k_Fan_of_proof,fans,Theorem/Lemma,1,11
448,rot_absent_center,fans,Theorem/Lemma,1,8
447,rot_absent_fan,fans,Theorem/Lemma,1,6
451,rot_first_last,fans,Theorem/Lemma,1,3
446,rot_proper,fans,Theorem/Lemma,1,4
450,rot_w0_prop,fans,Theorem/Lemma,1,8
487,sub_fanp,fans,Theorem/Lemma,1,5
403,chain_endptP,kempe,Theorem/Lemma,1,4
401,chain_two_endpts,kempe,Theorem/Lemma,1,9
402,deg_chain_endpt,kempe,Theorem/Lemma,1,13
418,edge_in_component,kempe,Theorem/Lemma,1,0
414,imset_invert_sub,kempe,Theorem/Lemma,1,6
411,in_inverted_absent,kempe,Theorem/Lemma,1,5
417,invertedKempeGraph,kempe,Definition,1,2
409,inverted_fan,kempe,Theorem/Lemma,1,7
405,inverted_proper,kempe,Theorem/Lemma,1,6
412,is_kempe_edge,kempe,Theorem/Lemma,1,4
426,kempe_irrefl,kempe,Theorem/Lemma,1,2
427,kempe_sym,kempe,Theorem/Lemma,1,2
407,max_deg_kempe,kempe,Theorem/Lemma,1,10
406,min_deg_kempe,kempe,Theorem/Lemma,1,4
410,notin_inverted_absent,kempe,Theorem/Lemma,1,6
398,deg1_internal,spath,Theorem/Lemma,1,1
389,idp_path_edge,spath,Theorem/Lemma,1,1
400,inInteriorP,spath,Definition,1,0
394,is_path_edge,spath,Theorem/Lemma,1,1
399,isplitInternal,spath,Theorem/Lemma,1,1
396,pathp_edge,spath,Definition,1,0
397,shared_interior3,spath,Theorem/Lemma,1,1
392,vert_not_in_path,spath,Theorem/Lemma,1,1
592,FunctionalElimination_apmax,alternate_path,Definition,0,9
591,FunctionalInduction_apmax,alternate_path,Definition,0,7
622,alternate_cons,alternate_path,Theorem/Lemma,0,2
621,alternates_ca_cb,alternate_path,Theorem/Lemma,0,2
614,altpath_edgeR,alternate_path,Theorem/Lemma,0,6
617,altpath_idp,alternate_path,Theorem/Lemma,0,4
610,altpath_mem,alternate_path,Theorem/Lemma,0,7
604,apmax_obligations,alternate_path,Theorem/Lemma,0,0
585,card_invert,alternate_path,Theorem/Lemma,0,4
579,invert_absent_cb,alternate_path,Theorem/Lemma,0,6
556,edge_neigh_edge,aux,Theorem/Lemma,0,2
561,erestrict_sub,aux,Theorem/Lemma,0,1
565,erestrict_sym,aux,Theorem/Lemma,0,2
569,erpath_sub,aux,Theorem/Lemma,0,1
567,restrict2E,aux,Theorem/Lemma,0,1
572,restrict2_mono,aux,Theorem/Lemma,0,1
568,restrict_eq_restrict2,aux,Theorem/Lemma,0,1
564,sedge_in_equiv2,aux,Theorem/Lemma,0,2
573,sub_restrict2,aux,Theorem/Lemma,0,1
562,upathPR,aux,Definition,0,2
523,chromatic_index_le_edges,edge_coloring,Theorem/Lemma,0,3
509,imset_recolor,edge_coloring,Theorem/Lemma,0,3
511,recolor_neq,edge_coloring,Theorem/Lemma,0,2
545,single_colored_proper,edge_coloring,Theorem/Lemma,0,5
505,swap_edge_eq,edge_coloring,Theorem/Lemma,0,2
502,swap_proper_vertex,edge_coloring,Theorem/Lemma,0,4
466,Fan_of_del_edges,fans,Definition,0,5
431,FunctionalInduction_fanmax,fans,Definition,0,5
478,choice_Countable__to__choice_Choice_isCountable,fans,Definition,0,3
480,choice_Countable__to__choice_hasChoice,fans,Definition,0,3
479,choice_Countable__to__eqtype_hasDecEq,fans,Definition,0,3
443,fanmax_obligations,fans,Theorem/Lemma,0,0
473,fans_Fan__canonical__choice_Choice,fans,Definition,0,4
470,fans_Fan__canonical__choice_Countable,fans,Definition,0,5
472,fans_Fan__canonical__choice_SubChoice,fans,Definition,0,6
469,fans_Fan__canonical__choice_SubCountable,fans,Definition,0,7
476,fans_Fan__canonical__eqtype_Equality,fans,Definition,0,3
475,fans_Fan__canonical__eqtype_SubEquality,fans,Definition,0,5
419,in_chain,kempe,Theorem/Lemma,0,3
421,kempe_edgeN,kempe,Theorem/Lemma,0,3
423,kempe_opn,kempe,Theorem/Lemma,0,3
422,kempe_sub,kempe,Theorem/Lemma,0,3
416,mem_invert_ab,kempe,Theorem/Lemma,0,6
413,not_kempe_edge,kempe,Theorem/Lemma,0,3
393,not_path_edge,spath,Theorem/Lemma,0,2
386,Vizings_altpath,vizing,Theorem/Lemma,0,59
385,Vizings_kempe,vizing,Theorem/Lemma,0,52
